Recipe_ID,Cuisine,Ingredients,Category,Cooking_Time,Difficulty,Cooking_Method,Serving_Size
1,Mediterranean,"Yogurt, Paprika, Tomato, Feta Cheese, Lemon, Chickpeas, Olive Oil",Lunch,76,Hard,Roasting,5
2,French,"Garlic, Flour, Milk, Cheese, Thyme, White Wine",Dinner,94,Easy,Baking,3
3,Mexican,"Cumin, Cilantro, Chili Powder, Corn, Cheese, Lime, Salsa",Dinner,57,Hard,Grilling,5
4,Italian,"Basil, Balsamic Vinegar, Parmesan, Mozzarella, Tomato",Dinner,28,Hard,Grilling,3
5,Japanese,"Miso, Sesame Seeds, Soy Sauce, Dashi, Tofu, Ginger, Wasabi, Rice, Mirin, Seaweed",Lunch,62,Easy,Sauteing,6
6,Chinese,"Hoisin Sauce, Garlic, Noodles, Soy Sauce, Tofu, Sesame Oil, Spring Onion",Dessert,70,Hard,Boiling,2
7,Mexican,"Cheese, Tortilla, Chili Powder, Avocado, Beans, Cilantro, Lime, Salsa, Cumin, Corn",Dinner,109,Medium,Slow Cooking,3
8,Mediterranean,"Feta Cheese, Tomato, Chickpeas, Olive Oil, Cucumber, Garlic",Breakfast,12,Easy,Frying,5
9,American,"Mustard, Lettuce, Ketchup, Cheddar, Onion",Lunch,36,Easy,Frying,4
10,Indian,"Ginger, Cumin, Chili, Coriander, Yogurt, Garam Masala",Dessert,21,Hard,Boiling,6
11,French,"Flour, Cream, Cheese, Milk, White Wine, Butter, Thyme, Garlic, Eggs",Breakfast,78,Hard,Sauteing,3
12,American,"Cheddar, Ketchup, Tomato, Bacon, Mustard, Beef, Bun",Dessert,49,Hard,Baking,1
13,Mexican,"Beans, Corn, Lime, Tortilla",Dinner,56,Easy,Frying,1
14,Thai,"Chili, Fish Sauce, Coconut Milk, Lemongrass, Tamarind, Lime, Peanut, Rice Noodles, Basil, Shrimp",Dessert,31,Easy,Boiling,3
15,Thai,"Chili, Fish Sauce, Shrimp, Tamarind, Lime, Lemongrass, Peanut, Basil, Coconut Milk",Breakfast,52,Easy,Boiling,6
16,Mediterranean,"Chickpeas, Feta Cheese, Paprika, Olive Oil, Lemon, Cucumber, Tomato, Pita Bread, Yogurt, Garlic",Breakfast,30,Easy,Sauteing,4
17,Japanese,"Sesame Seeds, Miso, Wasabi, Mirin",Snack,22,Hard,Sauteing,6
18,Mexican,"Lime, Salsa, Cumin, Beans, Tortilla, Cheese, Avocado, Chili Powder, Corn, Cilantro",Breakfast,56,Easy,Roasting,3
19,Mexican,"Chili Powder, Salsa, Lime, Cumin",Breakfast,25,Medium,Roasting,2
20,Italian,"Mozzarella, Parmesan, Tomato, Garlic, Balsamic Vinegar, Bread",Snack,67,Medium,Steaming,6
21,Mexican,"Tortilla, Cumin, Salsa, Corn, Lime, Cilantro",Breakfast,12,Medium,Roasting,4
22,Japanese,"Ginger, Miso, Soy Sauce, Dashi, Tofu, Seaweed, Mirin, Rice, Sesame Seeds, Wasabi",Dessert,111,Medium,Sauteing,2
23,Japanese,"Ginger, Dashi, Miso, Wasabi, Tofu",Dinner,67,Hard,Sauteing,2
24,Italian,"Pasta, Parmesan, Tomato, Oregano, Olive Oil, Mozzarella, Garlic, Balsamic Vinegar, Bread, Basil",Lunch,41,Medium,Sauteing,3
25,Japanese,"Rice, Mirin, Seaweed, Soy Sauce, Ginger, Sesame Seeds, Tofu, Dashi",Snack,59,Hard,Baking,6
26,Chinese,"Garlic, Rice Vinegar, Ginger, Noodles, Spring Onion, Hoisin Sauce, Sesame Oil, Tofu, Soy Sauce",Dinner,28,Hard,Frying,5
27,Indian,"Tomato, Yogurt, Coriander, Lentils, Cumin, Ginger, Turmeric, Chili, Ghee, Garam Masala",Breakfast,86,Hard,Frying,2
28,Thai,"Lemongrass, Tamarind, Chili, Basil, Lime, Shrimp, Coconut Milk, Fish Sauce, Peanut, Rice Noodles",Snack,43,Hard,Boiling,3
29,American,"Pickles, Mustard, Bun, Tomato, Lettuce, Ketchup, Cheddar, Onion, Bacon, Beef",Snack,16,Easy,Steaming,2
30,French,"Cream, Onion, Butter, White Wine, Flour",Snack,88,Medium,Boiling,2
31,Japanese,"Wasabi, Miso, Sesame Seeds, Mirin, Tofu, Rice, Soy Sauce",Snack,79,Easy,Frying,3
32,Mediterranean,"Lemon, Cucumber, Yogurt, Paprika, Garlic, Pita Bread, Tomato, Feta Cheese, Olive Oil",Breakfast,75,Easy,Slow Cooking,2
33,Chinese,"Garlic, Hoisin Sauce, Ginger, Soy Sauce, Tofu, Noodles, Sesame Oil",Lunch,103,Easy,Steaming,5
34,Mexican,"Lime, Avocado, Cheese, Beans, Tortilla, Salsa",Breakfast,61,Medium,Sauteing,5
35,Indian,"Cumin, Chili, Ginger, Turmeric, Ghee, Coriander",Lunch,80,Medium,Baking,4
36,Italian,"Mozzarella, Basil, Parmesan, Tomato, Pasta, Garlic",Snack,55,Hard,Slow Cooking,1
37,Mexican,"Cheese, Avocado, Corn, Salsa, Chili Powder, Cilantro, Cumin",Snack,109,Easy,Baking,3
38,Mediterranean,"Yogurt, Chickpeas, Feta Cheese, Tomato, Garlic, Cucumber",Dinner,54,Medium,Boiling,4
39,American,"Beef, Lettuce, Bacon, Cheddar, Mustard, Tomato, Bun, Pickles",Lunch,51,Hard,Steaming,5
40,French,"Onion, Butter, Garlic, Eggs, Cream, Milk, Cheese, Thyme, White Wine",Lunch,112,Hard,Grilling,2
41,French,"Flour, Butter, Cheese, Milk, Garlic, Eggs",Snack,40,Medium,Frying,5
42,Japanese,"Mirin, Miso, Ginger, Soy Sauce, Tofu",Breakfast,41,Easy,Slow Cooking,5
43,Chinese,"Spring Onion, Ginger, Soy Sauce, Sesame Oil, Hoisin Sauce",Breakfast,96,Medium,Frying,4
44,Chinese,"Spring Onion, Ginger, Soy Sauce, Noodles, Garlic, Hoisin Sauce, Tofu, Sesame Oil, Rice Vinegar",Snack,15,Medium,Slow Cooking,3
45,Mediterranean,"Olive Oil, Pita Bread, Feta Cheese, Lemon, Garlic, Paprika",Snack,105,Easy,Grilling,2
46,Chinese,"Soy Sauce, Ginger, Noodles, Sesame Oil, Tofu, Garlic",Breakfast,88,Medium,Frying,3
47,Chinese,"Tofu, Rice Vinegar, Ginger, Garlic, Sesame Oil",Dinner,94,Hard,Frying,6
48,Japanese,"Wasabi, Sesame Seeds, Dashi, Seaweed, Ginger, Mirin",Breakfast,16,Hard,Baking,6
49,French,"Cream, Milk, Cheese, Flour",Lunch,38,Medium,Boiling,1
50,Japanese,"Miso, Wasabi, Dashi, Mirin",Dinner,14,Easy,Roasting,5
51,Chinese,"Hoisin Sauce, Garlic, Ginger, Tofu, Sesame Oil, Spring Onion",Dessert,79,Medium,Sauteing,1
52,Mexican,"Avocado, Tortilla, Lime, Beans",Dessert,104,Easy,Slow Cooking,5
53,Mexican,"Tortilla, Cumin, Avocado, Beans, Chili Powder, Salsa, Cilantro, Corn",Dessert,13,Easy,Sauteing,6
54,Mexican,"Avocado, Lime, Beans, Cheese",Lunch,96,Hard,Frying,1
55,Thai,"Shrimp, Lemongrass, Coconut Milk, Rice Noodles, Fish Sauce, Chili",Dessert,28,Medium,Frying,4
56,Chinese,"Tofu, Spring Onion, Hoisin Sauce, Ginger",Lunch,63,Hard,Frying,5
57,Mediterranean,"Feta Cheese, Yogurt, Garlic, Olive Oil, Lemon, Chickpeas, Cucumber, Pita Bread, Paprika, Tomato",Dessert,25,Easy,Frying,3
58,Mediterranean,"Pita Bread, Cucumber, Olive Oil, Paprika, Chickpeas",Snack,29,Medium,Roasting,4
59,Indian,"Lentils, Tomato, Coriander, Garam Masala, Ghee, Turmeric, Cumin, Yogurt, Chili",Dessert,60,Medium,Baking,6
60,American,"Bun, Beef, Ketchup, Pickles, Mustard, Bacon",Lunch,71,Easy,Boiling,6
61,Mexican,"Lime, Cumin, Salsa, Cilantro, Beans",Dinner,103,Hard,Roasting,3
62,Thai,"Rice Noodles, Shrimp, Lime, Fish Sauce",Lunch,97,Medium,Steaming,3
63,Japanese,"Wasabi, Miso, Mirin, Rice, Dashi",Breakfast,15,Easy,Frying,4
64,Japanese,"Tofu, Soy Sauce, Dashi, Sesame Seeds, Mirin",Snack,69,Medium,Frying,6
65,American,"Tomato, Cheddar, Bacon, Lettuce, Beef, Onion, Ketchup",Snack,25,Medium,Baking,4
66,French,"Garlic, Onion, Butter, Flour, Cheese, Cream, Thyme",Lunch,61,Medium,Boiling,5
67,Italian,"Pasta, Parmesan, Garlic, Mozzarella, Basil, Oregano",Dessert,91,Easy,Boiling,4
68,Mexican,"Lime, Tortilla, Chili Powder, Cilantro, Cumin",Lunch,57,Medium,Grilling,2
69,French,"Butter, White Wine, Cream, Milk, Eggs, Garlic, Flour",Dinner,27,Hard,Steaming,2
70,Mediterranean,"Olive Oil, Paprika, Lemon, Pita Bread",Dessert,90,Hard,Baking,5
71,Indian,"Turmeric, Cumin, Tomato, Garam Masala, Coriander, Ghee, Chili",Snack,23,Hard,Steaming,4
72,American,"Bun, Lettuce, Cheddar, Tomato, Pickles, Bacon",Lunch,115,Hard,Boiling,3
73,Italian,"Oregano, Mozzarella, Balsamic Vinegar, Garlic, Bread, Parmesan, Pasta, Basil",Lunch,12,Hard,Frying,4
74,American,"Beef, Ketchup, Tomato, Bun",Lunch,40,Medium,Steaming,5
75,Indian,"Coriander, Chili, Yogurt, Garam Masala, Lentils, Ginger, Cumin, Turmeric",Lunch,51,Hard,Roasting,4
76,Japanese,"Mirin, Rice, Sesame Seeds, Seaweed",Snack,47,Medium,Frying,6
77,Italian,"Tomato, Pasta, Mozzarella, Bread, Parmesan, Balsamic Vinegar",Snack,60,Hard,Baking,5
78,Mexican,"Beans, Salsa, Chili Powder, Cumin, Tortilla, Corn, Cilantro, Lime, Cheese",Dinner,71,Hard,Frying,1
79,Mexican,"Cilantro, Cumin, Cheese, Salsa, Chili Powder, Beans, Tortilla",Dinner,35,Medium,Steaming,4
80,American,"Mustard, Lettuce, Cheddar, Bun, Pickles, Ketchup, Beef, Bacon, Onion",Dessert,83,Easy,Boiling,5
81,Italian,"Garlic, Balsamic Vinegar, Pasta, Basil, Parmesan, Olive Oil, Bread, Tomato",Breakfast,49,Hard,Sauteing,3
82,Mexican,"Tortilla, Salsa, Chili Powder, Cumin, Cilantro, Lime, Avocado, Corn, Beans",Breakfast,43,Medium,Baking,2
83,Chinese,"Sesame Oil, Hoisin Sauce, Ginger, Spring Onion, Tofu, Garlic",Breakfast,43,Hard,Sauteing,6
84,Mexican,"Corn, Lime, Avocado, Cumin, Chili Powder, Tortilla, Salsa, Cilantro, Cheese, Beans",Breakfast,88,Medium,Sauteing,3
85,Italian,"Balsamic Vinegar, Parmesan, Basil, Tomato, Olive Oil, Bread, Oregano, Mozzarella, Garlic, Pasta",Lunch,17,Easy,Grilling,2
86,American,"Tomato, Lettuce, Onion, Cheddar, Bun",Dinner,93,Hard,Grilling,2
87,American,"Beef, Onion, Lettuce, Bun",Lunch,62,Medium,Steaming,1
88,American,"Mustard, Ketchup, Bacon, Cheddar, Pickles, Tomato, Onion",Dessert,76,Hard,Grilling,3
89,French,"White Wine, Onion, Milk, Garlic",Lunch,95,Easy,Roasting,5
90,French,"Butter, White Wine, Cream, Eggs, Cheese, Onion",Snack,39,Hard,Roasting,1
91,Thai,"Peanut, Chili, Rice Noodles, Coconut Milk, Basil, Lemongrass, Lime, Tamarind, Shrimp",Dinner,116,Medium,Sauteing,1
92,Mexican,"Chili Powder, Corn, Beans, Cheese",Breakfast,87,Easy,Boiling,3
93,Indian,"Yogurt, Chili, Garam Masala, Tomato, Turmeric",Lunch,96,Medium,Slow Cooking,5
94,Thai,"Lemongrass, Shrimp, Coconut Milk, Basil, Peanut",Snack,37,Hard,Baking,1
95,French,"Onion, Flour, Cream, Garlic",Dessert,109,Easy,Baking,5
96,French,"Milk, Thyme, Flour, Garlic",Snack,44,Easy,Slow Cooking,3
97,American,"Ketchup, Bun, Cheddar, Mustard, Lettuce, Tomato",Dinner,118,Easy,Roasting,5
98,American,"Bacon, Bun, Beef, Tomato, Ketchup, Onion, Lettuce",Lunch,27,Easy,Baking,2
99,Indian,"Turmeric, Tomato, Cumin, Ginger, Coriander",Dessert,117,Easy,Roasting,3
100,Thai,"Shrimp, Tamarind, Lemongrass, Chili",Dessert,39,Medium,Frying,3
101,Chinese,"Sesame Oil, Hoisin Sauce, Tofu, Spring Onion, Ginger, Soy Sauce, Garlic",Snack,55,Easy,Steaming,2
102,Japanese,"Soy Sauce, Wasabi, Tofu, Miso, Rice, Seaweed, Mirin, Dashi, Sesame Seeds, Ginger",Lunch,108,Easy,Grilling,6
103,American,"Tomato, Bacon, Lettuce, Onion, Bun, Mustard",Snack,51,Hard,Grilling,5
104,Japanese,"Miso, Tofu, Mirin, Sesame Seeds",Snack,40,Medium,Sauteing,6
105,Italian,"Oregano, Tomato, Pasta, Mozzarella",Snack,49,Easy,Frying,4
106,Chinese,"Rice Vinegar, Soy Sauce, Noodles, Tofu, Sesame Oil, Spring Onion, Hoisin Sauce, Garlic, Ginger",Dinner,69,Medium,Boiling,5
107,French,"Cheese, Onion, Garlic, White Wine, Eggs",Dinner,110,Medium,Baking,2
108,Italian,"Bread, Garlic, Pasta, Tomato, Oregano",Dessert,84,Easy,Steaming,1
109,American,"Lettuce, Beef, Bacon, Cheddar, Bun, Ketchup, Mustard, Pickles, Onion",Breakfast,83,Easy,Frying,3
110,Mediterranean,"Yogurt, Olive Oil, Pita Bread, Feta Cheese",Dinner,116,Easy,Sauteing,4
111,Mexican,"Corn, Salsa, Beans, Cilantro, Lime, Avocado",Breakfast,33,Hard,Slow Cooking,5
112,Mexican,"Salsa, Cilantro, Chili Powder, Beans, Lime, Tortilla, Cheese",Lunch,100,Easy,Frying,6
113,Mediterranean,"Tomato, Lemon, Paprika, Feta Cheese, Chickpeas",Lunch,99,Easy,Frying,4
114,Chinese,"Garlic, Noodles, Tofu, Ginger",Breakfast,94,Hard,Steaming,1
115,Mexican,"Chili Powder, Cheese, Beans, Corn, Tortilla, Avocado, Cumin, Salsa, Lime, Cilantro",Dessert,116,Medium,Frying,4
116,French,"White Wine, Butter, Thyme, Eggs, Flour, Garlic, Milk, Cream, Onion, Cheese",Dessert,68,Easy,Baking,2
117,Mexican,"Cumin, Avocado, Beans, Chili Powder, Corn, Tortilla",Dinner,85,Medium,Steaming,3
118,Indian,"Lentils, Coriander, Yogurt, Chili, Ghee, Cumin, Ginger, Garam Masala",Snack,111,Easy,Frying,5
119,Indian,"Coriander, Cumin, Garam Masala, Tomato, Yogurt, Ghee, Turmeric",Dessert,74,Easy,Steaming,2
120,Mediterranean,"Feta Cheese, Cucumber, Chickpeas, Paprika, Tomato, Olive Oil, Lemon",Snack,86,Medium,Slow Cooking,5
121,Mexican,"Beans, Avocado, Chili Powder, Corn, Salsa, Tortilla, Lime, Cheese, Cumin, Cilantro",Snack,48,Easy,Boiling,5
122,American,"Ketchup, Onion, Beef, Bun, Mustard, Pickles, Cheddar",Lunch,83,Easy,Baking,5
123,Japanese,"Tofu, Rice, Seaweed, Wasabi, Soy Sauce",Lunch,38,Medium,Slow Cooking,1
124,Japanese,"Mirin, Rice, Sesame Seeds, Dashi, Seaweed",Dessert,35,Medium,Roasting,6
125,Japanese,"Ginger, Tofu, Rice, Wasabi, Sesame Seeds, Miso, Dashi, Seaweed",Lunch,97,Hard,Grilling,5
126,American,"Bun, Mustard, Onion, Bacon, Ketchup",Snack,82,Hard,Frying,4
127,Chinese,"Ginger, Tofu, Sesame Oil, Hoisin Sauce, Spring Onion, Noodles, Garlic, Rice Vinegar",Snack,38,Medium,Boiling,1
128,French,"Cheese, Milk, Eggs, Cream, Thyme, Butter",Dessert,16,Easy,Boiling,1
129,Japanese,"Wasabi, Dashi, Seaweed, Tofu, Rice, Miso, Ginger, Sesame Seeds, Soy Sauce",Dinner,52,Easy,Boiling,1
130,American,"Beef, Cheddar, Onion, Tomato, Mustard, Pickles, Bun",Snack,65,Easy,Boiling,4
131,Thai,"Rice Noodles, Lemongrass, Fish Sauce, Shrimp",Dessert,80,Medium,Baking,4
132,Japanese,"Sesame Seeds, Tofu, Wasabi, Ginger, Dashi, Miso, Seaweed, Rice",Dinner,26,Hard,Sauteing,6
133,Mexican,"Cilantro, Tortilla, Cumin, Salsa, Beans, Chili Powder, Corn, Avocado, Cheese",Dinner,16,Easy,Roasting,6
134,Italian,"Mozzarella, Garlic, Olive Oil, Balsamic Vinegar, Pasta, Tomato, Oregano, Parmesan",Dessert,42,Hard,Boiling,2
135,Mexican,"Avocado, Cilantro, Cheese, Corn, Beans, Chili Powder, Salsa, Tortilla, Cumin, Lime",Breakfast,69,Easy,Roasting,5
136,Japanese,"Rice, Soy Sauce, Sesame Seeds, Dashi, Ginger, Seaweed, Mirin, Tofu, Wasabi",Snack,80,Easy,Baking,1
137,Japanese,"Miso, Rice, Soy Sauce, Wasabi, Ginger",Breakfast,114,Easy,Steaming,5
138,Indian,"Tomato, Ginger, Lentils, Turmeric, Ghee, Cumin, Coriander, Yogurt",Snack,117,Easy,Frying,6
139,Mediterranean,"Olive Oil, Garlic, Yogurt, Paprika",Lunch,116,Easy,Grilling,2
140,Mediterranean,"Olive Oil, Tomato, Feta Cheese, Pita Bread",Dessert,91,Medium,Grilling,6
141,Indian,"Turmeric, Yogurt, Lentils, Ginger, Ghee, Cumin, Coriander, Garam Masala, Chili",Dessert,49,Hard,Baking,1
142,Japanese,"Rice, Wasabi, Ginger, Soy Sauce, Tofu, Sesame Seeds",Dessert,29,Easy,Boiling,5
143,Thai,"Tamarind, Fish Sauce, Chili, Coconut Milk, Lime, Peanut, Basil, Rice Noodles, Shrimp",Snack,99,Easy,Steaming,1
144,Italian,"Garlic, Balsamic Vinegar, Tomato, Mozzarella, Olive Oil",Lunch,54,Medium,Roasting,1
145,Thai,"Basil, Lime, Coconut Milk, Rice Noodles, Fish Sauce, Chili, Lemongrass, Tamarind, Shrimp",Dinner,115,Medium,Steaming,6
146,Japanese,"Miso, Sesame Seeds, Dashi, Ginger, Tofu, Seaweed, Wasabi",Dessert,22,Easy,Slow Cooking,2
147,Japanese,"Dashi, Seaweed, Wasabi, Sesame Seeds, Tofu, Miso",Breakfast,101,Easy,Sauteing,2
148,Thai,"Basil, Tamarind, Peanut, Rice Noodles, Shrimp, Chili, Lime, Coconut Milk, Lemongrass, Fish Sauce",Breakfast,34,Medium,Steaming,6
149,Italian,"Basil, Pasta, Parmesan, Mozzarella",Dessert,100,Hard,Baking,5
150,Thai,"Lime, Coconut Milk, Shrimp, Lemongrass, Rice Noodles, Peanut, Basil",Snack,112,Hard,Roasting,1
151,Italian,"Oregano, Bread, Parmesan, Garlic, Basil, Mozzarella, Pasta",Lunch,58,Easy,Roasting,1
152,Italian,"Garlic, Parmesan, Bread, Mozzarella, Pasta, Balsamic Vinegar, Olive Oil",Breakfast,45,Hard,Slow Cooking,6
153,American,"Mustard, Pickles, Ketchup, Lettuce, Onion, Bun",Snack,85,Easy,Sauteing,4
154,Thai,"Fish Sauce, Peanut, Tamarind, Lime, Basil",Breakfast,34,Easy,Slow Cooking,5
155,Italian,"Oregano, Mozzarella, Balsamic Vinegar, Basil",Dessert,33,Hard,Sauteing,6
156,Thai,"Peanut, Lemongrass, Rice Noodles, Lime, Tamarind, Basil, Chili",Breakfast,82,Easy,Frying,1
157,Japanese,"Miso, Rice, Sesame Seeds, Soy Sauce, Seaweed",Dessert,82,Hard,Grilling,2
158,American,"Onion, Lettuce, Beef, Mustard",Breakfast,104,Hard,Sauteing,5
159,American,"Beef, Bun, Lettuce, Ketchup, Pickles, Bacon, Onion, Tomato",Dinner,109,Easy,Boiling,4
160,Thai,"Shrimp, Coconut Milk, Lemongrass, Chili, Rice Noodles, Basil",Snack,97,Easy,Roasting,3
161,French,"Thyme, Butter, Milk, Cream, White Wine, Cheese, Flour, Garlic",Dinner,110,Easy,Roasting,4
162,Mediterranean,"Tomato, Cucumber, Olive Oil, Lemon, Garlic",Lunch,87,Medium,Sauteing,2
163,Thai,"Shrimp, Basil, Fish Sauce, Lime",Breakfast,91,Easy,Baking,3
164,Mediterranean,"Pita Bread, Lemon, Yogurt, Paprika, Tomato, Feta Cheese, Chickpeas, Garlic, Olive Oil, Cucumber",Dessert,35,Hard,Baking,6
165,Mexican,"Tortilla, Cilantro, Beans, Salsa, Corn",Lunch,39,Hard,Baking,2
166,Italian,"Oregano, Mozzarella, Pasta, Balsamic Vinegar, Basil, Garlic, Bread, Tomato, Olive Oil, Parmesan",Lunch,67,Easy,Boiling,1
167,Japanese,"Sesame Seeds, Mirin, Tofu, Wasabi, Seaweed, Dashi, Ginger, Soy Sauce, Miso",Dessert,102,Medium,Steaming,2
168,Mexican,"Cumin, Lime, Beans, Salsa, Avocado, Cheese",Lunch,48,Medium,Frying,6
169,French,"Eggs, Onion, Milk, Cheese, White Wine, Flour, Butter, Garlic, Thyme, Cream",Dessert,82,Medium,Roasting,1
170,Indian,"Garam Masala, Chili, Turmeric, Tomato, Ginger, Coriander",Dessert,98,Hard,Grilling,2
171,Mediterranean,"Olive Oil, Garlic, Paprika, Chickpeas, Cucumber, Lemon, Feta Cheese, Yogurt",Dessert,51,Hard,Grilling,6
172,Italian,"Olive Oil, Bread, Pasta, Tomato, Balsamic Vinegar",Dessert,60,Easy,Steaming,1
173,Japanese,"Miso, Ginger, Sesame Seeds, Soy Sauce, Rice, Tofu, Dashi, Mirin, Seaweed",Snack,31,Medium,Grilling,3
174,Thai,"Peanut, Tamarind, Shrimp, Fish Sauce, Lemongrass",Snack,77,Medium,Steaming,3
175,Chinese,"Hoisin Sauce, Ginger, Sesame Oil, Rice Vinegar, Tofu, Garlic",Dessert,48,Hard,Roasting,6
176,French,"Cheese, Garlic, White Wine, Onion, Eggs, Thyme, Flour, Butter, Milk, Cream",Snack,80,Easy,Sauteing,4
177,Italian,"Garlic, Parmesan, Oregano, Tomato, Bread, Olive Oil, Pasta, Mozzarella, Balsamic Vinegar, Basil",Breakfast,75,Medium,Sauteing,6
178,Mexican,"Avocado, Salsa, Lime, Cilantro, Chili Powder, Corn, Beans, Tortilla, Cumin, Cheese",Lunch,89,Easy,Roasting,4
179,Indian,"Turmeric, Chili, Ghee, Cumin, Tomato, Garam Masala, Ginger, Lentils, Coriander, Yogurt",Breakfast,111,Hard,Boiling,6
180,Mediterranean,"Paprika, Lemon, Pita Bread, Olive Oil, Chickpeas, Tomato, Yogurt, Garlic, Cucumber, Feta Cheese",Lunch,66,Medium,Baking,4
181,Indian,"Tomato, Garam Masala, Chili, Ghee, Turmeric, Cumin, Yogurt, Coriander, Ginger, Lentils",Snack,11,Medium,Grilling,6
182,Thai,"Basil, Lemongrass, Lime, Peanut, Coconut Milk, Fish Sauce, Chili, Rice Noodles",Dinner,117,Easy,Steaming,6
183,Mexican,"Cumin, Beans, Tortilla, Avocado, Cheese, Salsa, Corn, Cilantro",Lunch,97,Hard,Slow Cooking,4
184,Indian,"Yogurt, Tomato, Cumin, Turmeric, Ginger, Coriander, Garam Masala",Dinner,93,Hard,Slow Cooking,2
185,Mexican,"Chili Powder, Cheese, Beans, Corn, Cilantro, Tortilla, Avocado, Cumin",Dinner,94,Medium,Baking,5
186,Thai,"Lime, Lemongrass, Chili, Coconut Milk, Rice Noodles, Fish Sauce, Basil, Tamarind, Peanut",Snack,117,Easy,Grilling,1
187,Mediterranean,"Paprika, Garlic, Yogurt, Lemon, Chickpeas, Olive Oil, Feta Cheese, Cucumber, Pita Bread",Dinner,48,Hard,Baking,2
188,American,"Lettuce, Pickles, Ketchup, Bacon",Snack,42,Easy,Baking,3
189,Italian,"Balsamic Vinegar, Pasta, Parmesan, Oregano, Tomato, Bread, Olive Oil, Basil",Dinner,59,Medium,Roasting,4
190,Italian,"Basil, Parmesan, Olive Oil, Oregano, Balsamic Vinegar, Bread, Tomato",Dessert,35,Easy,Frying,4
191,Chinese,"Ginger, Tofu, Soy Sauce, Sesame Oil, Spring Onion, Noodles, Rice Vinegar, Garlic, Hoisin Sauce",Dessert,81,Medium,Boiling,3
192,French,"Eggs, White Wine, Cheese, Thyme, Onion, Milk, Flour, Cream",Dessert,57,Hard,Grilling,5
193,American,"Pickles, Cheddar, Bun, Bacon, Mustard, Beef",Lunch,116,Medium,Boiling,6
194,Italian,"Basil, Olive Oil, Pasta, Mozzarella, Oregano, Parmesan, Balsamic Vinegar, Tomato",Dessert,97,Easy,Baking,1
195,Mediterranean,"Lemon, Feta Cheese, Yogurt, Pita Bread, Cucumber, Paprika, Tomato, Garlic",Lunch,37,Easy,Boiling,5
196,Chinese,"Ginger, Hoisin Sauce, Garlic, Soy Sauce, Rice Vinegar, Tofu, Spring Onion, Sesame Oil",Dessert,17,Hard,Sauteing,4
197,Indian,"Ghee, Lentils, Coriander, Ginger, Garam Masala, Chili, Turmeric",Dinner,20,Medium,Boiling,3
198,Mediterranean,"Pita Bread, Chickpeas, Feta Cheese, Paprika, Tomato, Olive Oil, Yogurt, Garlic, Cucumber",Lunch,33,Easy,Baking,6
199,Indian,"Lentils, Cumin, Tomato, Turmeric, Chili, Yogurt, Coriander, Garam Masala, Ghee, Ginger",Breakfast,43,Hard,Roasting,6
200,Mediterranean,"Tomato, Olive Oil, Paprika, Cucumber",Dinner,66,Hard,Slow Cooking,5
201,Mediterranean,"Chickpeas, Olive Oil, Paprika, Pita Bread, Cucumber",Snack,115,Easy,Frying,5
202,Mexican,"Beans, Cilantro, Tortilla, Chili Powder, Cheese, Lime, Salsa, Avocado, Corn",Breakfast,77,Hard,Slow Cooking,2
203,Mexican,"Corn, Beans, Chili Powder, Salsa, Tortilla, Cheese, Lime, Cumin",Dessert,105,Medium,Frying,4
204,Mediterranean,"Paprika, Lemon, Yogurt, Pita Bread, Olive Oil, Cucumber",Lunch,54,Hard,Steaming,3
205,American,"Bun, Cheddar, Bacon, Ketchup, Beef, Onion, Lettuce, Tomato",Lunch,97,Easy,Grilling,2
206,Italian,"Oregano, Olive Oil, Parmesan, Balsamic Vinegar, Bread, Tomato, Pasta, Mozzarella, Garlic",Snack,64,Hard,Sauteing,6
207,Mexican,"Avocado, Chili Powder, Cilantro, Cheese, Tortilla, Salsa, Cumin, Lime, Corn",Dinner,86,Hard,Baking,3
208,French,"Butter, Eggs, Cheese, Onion, Milk, Garlic",Snack,13,Easy,Frying,6
209,Indian,"Ghee, Turmeric, Coriander, Tomato",Dessert,55,Hard,Frying,1
210,Thai,"Basil, Chili, Fish Sauce, Shrimp, Peanut, Coconut Milk, Rice Noodles, Lemongrass, Tamarind, Lime",Lunch,60,Hard,Grilling,6
211,Mediterranean,"Cucumber, Garlic, Tomato, Lemon, Pita Bread, Feta Cheese, Olive Oil, Yogurt, Paprika",Snack,115,Easy,Frying,2
212,Mediterranean,"Chickpeas, Tomato, Cucumber, Paprika",Dessert,113,Hard,Boiling,4
213,Thai,"Chili, Coconut Milk, Lemongrass, Rice Noodles, Basil",Snack,75,Medium,Frying,4
214,Chinese,"Hoisin Sauce, Spring Onion, Garlic, Soy Sauce, Noodles, Rice Vinegar",Dinner,52,Medium,Sauteing,5
215,Mexican,"Chili Powder, Cumin, Cheese, Beans, Lime, Corn, Cilantro",Breakfast,58,Easy,Steaming,2
216,Mediterranean,"Yogurt, Chickpeas, Cucumber, Pita Bread, Paprika, Olive Oil, Garlic, Lemon, Tomato",Dinner,35,Medium,Frying,3
217,Chinese,"Tofu, Soy Sauce, Hoisin Sauce, Ginger, Garlic, Sesame Oil",Dinner,115,Medium,Frying,5
218,French,"Butter, Eggs, Cream, Onion, White Wine, Garlic, Thyme, Milk, Cheese, Flour",Dinner,61,Hard,Baking,4
219,Indian,"Chili, Ginger, Garam Masala, Turmeric, Tomato, Lentils, Ghee",Breakfast,44,Medium,Grilling,6
220,Indian,"Coriander, Cumin, Tomato, Garam Masala",Breakfast,89,Medium,Frying,5
221,Japanese,"Seaweed, Mirin, Dashi, Tofu, Wasabi, Rice",Dessert,111,Easy,Slow Cooking,4
222,American,"Pickles, Ketchup, Bun, Bacon, Cheddar",Snack,84,Hard,Slow Cooking,6
223,Indian,"Garam Masala, Coriander, Yogurt, Ghee, Ginger, Lentils, Chili, Cumin, Turmeric, Tomato",Dessert,94,Easy,Slow Cooking,3
224,Japanese,"Seaweed, Tofu, Soy Sauce, Dashi",Breakfast,114,Medium,Boiling,4
225,French,"Butter, Garlic, Eggs, White Wine, Milk, Flour, Onion, Cream, Thyme",Dinner,70,Medium,Frying,5
226,Italian,"Oregano, Pasta, Bread, Basil, Mozzarella, Parmesan",Lunch,77,Medium,Sauteing,3
227,Indian,"Ginger, Garam Masala, Turmeric, Lentils, Coriander, Chili, Tomato, Ghee, Yogurt, Cumin",Dessert,51,Hard,Slow Cooking,3
228,French,"Milk, Eggs, Thyme, White Wine, Flour",Dinner,58,Medium,Steaming,3
229,Mediterranean,"Paprika, Cucumber, Feta Cheese, Pita Bread, Chickpeas, Yogurt, Olive Oil, Lemon",Breakfast,18,Medium,Frying,3
230,Indian,"Tomato, Lentils, Chili, Ghee, Cumin",Snack,12,Easy,Roasting,4
231,Indian,"Chili, Yogurt, Tomato, Turmeric, Ginger, Lentils, Coriander, Ghee",Dinner,33,Easy,Frying,2
232,Chinese,"Sesame Oil, Soy Sauce, Tofu, Garlic",Dinner,49,Easy,Frying,2
233,Mediterranean,"Feta Cheese, Garlic, Cucumber, Yogurt, Olive Oil, Tomato, Pita Bread",Snack,112,Medium,Slow Cooking,5
234,American,"Bun, Bacon, Mustard, Pickles, Onion, Beef, Ketchup",Snack,74,Easy,Grilling,2
235,Mediterranean,"Olive Oil, Paprika, Tomato, Garlic, Feta Cheese, Cucumber, Pita Bread, Chickpeas, Lemon",Breakfast,95,Medium,Boiling,3
236,Italian,"Pasta, Mozzarella, Tomato, Garlic, Basil, Parmesan, Oregano, Olive Oil, Bread",Dinner,91,Hard,Baking,5
237,French,"Milk, White Wine, Butter, Eggs",Lunch,35,Hard,Frying,1
238,Mediterranean,"Feta Cheese, Paprika, Yogurt, Lemon, Cucumber, Pita Bread, Tomato, Chickpeas, Garlic, Olive Oil",Lunch,24,Medium,Frying,1
239,French,"Eggs, Garlic, Milk, Cream, Cheese, White Wine, Butter, Thyme, Onion, Flour",Dinner,20,Easy,Boiling,5
240,Italian,"Pasta, Garlic, Bread, Parmesan, Basil, Oregano, Balsamic Vinegar, Olive Oil, Mozzarella, Tomato",Breakfast,106,Medium,Baking,4
241,American,"Lettuce, Tomato, Mustard, Beef, Onion, Cheddar",Breakfast,69,Easy,Boiling,6
242,American,"Cheddar, Ketchup, Onion, Mustard, Bacon, Tomato, Beef, Pickles, Bun",Lunch,81,Easy,Baking,6
243,Japanese,"Soy Sauce, Rice, Mirin, Sesame Seeds, Tofu, Seaweed, Wasabi, Miso, Ginger, Dashi",Dinner,84,Hard,Roasting,3
244,Italian,"Mozzarella, Olive Oil, Garlic, Pasta, Oregano",Breakfast,97,Hard,Baking,2
245,Mexican,"Cumin, Beans, Cheese, Salsa, Corn, Chili Powder",Snack,46,Easy,Roasting,5
246,Chinese,"Garlic, Rice Vinegar, Soy Sauce, Noodles, Sesame Oil, Tofu, Hoisin Sauce, Ginger, Spring Onion",Breakfast,43,Hard,Grilling,3
247,Italian,"Garlic, Oregano, Pasta, Olive Oil, Balsamic Vinegar, Tomato, Parmesan",Dinner,113,Medium,Sauteing,3
248,American,"Bacon, Bun, Tomato, Ketchup, Pickles, Cheddar, Onion, Beef",Snack,32,Medium,Steaming,2
249,Indian,"Ginger, Chili, Garam Masala, Cumin",Snack,85,Medium,Steaming,3
250,Mediterranean,"Chickpeas, Feta Cheese, Paprika, Pita Bread, Garlic, Cucumber, Lemon, Yogurt",Dinner,69,Hard,Boiling,1
251,American,"Cheddar, Pickles, Mustard, Onion, Bun, Bacon, Beef, Ketchup, Lettuce",Breakfast,107,Medium,Frying,1
252,Mexican,"Salsa, Cilantro, Beans, Cheese, Lime, Chili Powder",Snack,93,Easy,Frying,6
253,Chinese,"Hoisin Sauce, Noodles, Soy Sauce, Spring Onion, Rice Vinegar, Sesame Oil",Lunch,64,Easy,Roasting,3
254,Thai,"Basil, Lime, Tamarind, Shrimp, Coconut Milk",Lunch,42,Easy,Grilling,3
255,Chinese,"Spring Onion, Noodles, Rice Vinegar, Sesame Oil, Hoisin Sauce, Soy Sauce, Garlic",Dessert,66,Medium,Steaming,1
256,Indian,"Lentils, Cumin, Yogurt, Garam Masala, Ghee",Dessert,28,Hard,Roasting,1
257,French,"Cheese, Onion, Milk, Flour, Thyme, Cream, Butter",Lunch,33,Easy,Boiling,3
258,American,"Lettuce, Mustard, Tomato, Onion, Cheddar, Beef, Pickles",Dinner,17,Easy,Baking,6
259,Indian,"Yogurt, Coriander, Cumin, Chili, Tomato, Lentils, Turmeric, Ginger",Lunch,39,Hard,Slow Cooking,5
260,Mexican,"Chili Powder, Cumin, Beans, Tortilla, Salsa",Dinner,67,Medium,Boiling,3
261,Mediterranean,"Yogurt, Chickpeas, Tomato, Garlic, Olive Oil, Cucumber",Lunch,67,Hard,Sauteing,2
262,American,"Bacon, Bun, Beef, Cheddar, Tomato, Lettuce, Onion, Pickles, Mustard",Dessert,111,Hard,Baking,6
263,French,"Garlic, Thyme, Onion, White Wine",Dessert,51,Hard,Grilling,1
264,Japanese,"Seaweed, Wasabi, Soy Sauce, Ginger, Miso, Mirin",Lunch,66,Easy,Slow Cooking,3
265,Thai,"Lime, Peanut, Shrimp, Fish Sauce, Basil, Rice Noodles, Coconut Milk, Chili, Tamarind",Snack,119,Medium,Grilling,5
266,American,"Bacon, Beef, Lettuce, Pickles, Bun",Lunch,44,Medium,Grilling,1
267,Indian,"Ghee, Chili, Lentils, Cumin, Turmeric, Garam Masala, Tomato, Coriander, Yogurt, Ginger",Lunch,35,Easy,Boiling,4
268,American,"Tomato, Lettuce, Onion, Bun, Ketchup, Pickles, Bacon, Mustard",Breakfast,11,Medium,Steaming,6
269,Thai,"Shrimp, Lemongrass, Tamarind, Basil, Rice Noodles",Lunch,92,Easy,Boiling,2
270,Japanese,"Sesame Seeds, Tofu, Rice, Mirin, Ginger, Soy Sauce, Seaweed, Miso",Dessert,76,Medium,Baking,6
271,Thai,"Tamarind, Lime, Coconut Milk, Chili",Breakfast,91,Easy,Grilling,6
272,Italian,"Mozzarella, Parmesan, Bread, Garlic, Tomato, Oregano, Balsamic Vinegar, Olive Oil, Basil, Pasta",Dinner,14,Medium,Steaming,2
273,Indian,"Tomato, Turmeric, Ghee, Lentils, Coriander, Garam Masala, Yogurt, Chili, Cumin",Lunch,74,Hard,Frying,6
274,Italian,"Mozzarella, Bread, Olive Oil, Parmesan, Basil",Dessert,67,Medium,Steaming,3
275,Mediterranean,"Cucumber, Pita Bread, Tomato, Feta Cheese, Olive Oil, Garlic, Chickpeas, Lemon, Paprika, Yogurt",Dinner,89,Easy,Roasting,3
276,Italian,"Bread, Basil, Oregano, Tomato, Parmesan",Breakfast,72,Medium,Baking,3
277,Chinese,"Tofu, Ginger, Noodles, Spring Onion, Hoisin Sauce",Lunch,100,Easy,Slow Cooking,1
278,Mediterranean,"Paprika, Yogurt, Feta Cheese, Pita Bread, Garlic, Cucumber",Dessert,75,Medium,Steaming,3
279,Mediterranean,"Yogurt, Olive Oil, Feta Cheese, Garlic, Cucumber, Pita Bread, Lemon, Tomato, Chickpeas, Paprika",Snack,118,Medium,Sauteing,5
280,Thai,"Tamarind, Shrimp, Lime, Coconut Milk, Basil",Dinner,110,Medium,Grilling,2
281,Thai,"Coconut Milk, Peanut, Lime, Tamarind, Fish Sauce, Shrimp, Basil, Lemongrass, Rice Noodles",Breakfast,74,Medium,Slow Cooking,5
282,Thai,"Chili, Tamarind, Lemongrass, Basil, Fish Sauce, Coconut Milk, Peanut, Rice Noodles",Snack,17,Easy,Boiling,1
283,Chinese,"Spring Onion, Hoisin Sauce, Noodles, Rice Vinegar, Tofu, Ginger",Snack,80,Hard,Sauteing,3
284,Thai,"Rice Noodles, Lime, Tamarind, Coconut Milk, Shrimp, Peanut",Dinner,86,Medium,Slow Cooking,3
285,Thai,"Rice Noodles, Chili, Tamarind, Shrimp, Basil, Lime, Fish Sauce, Peanut",Lunch,99,Medium,Roasting,5
286,Mediterranean,"Garlic, Olive Oil, Yogurt, Cucumber, Pita Bread, Chickpeas, Paprika, Lemon, Feta Cheese, Tomato",Dinner,80,Easy,Sauteing,1
287,Indian,"Ginger, Yogurt, Tomato, Turmeric",Snack,89,Hard,Grilling,4
288,Japanese,"Wasabi, Seaweed, Dashi, Rice",Dinner,53,Easy,Grilling,5
289,Japanese,"Soy Sauce, Ginger, Rice, Wasabi, Mirin, Miso, Dashi, Tofu, Seaweed",Breakfast,22,Medium,Grilling,5
290,Mediterranean,"Yogurt, Olive Oil, Lemon, Cucumber, Tomato, Feta Cheese, Pita Bread, Garlic, Paprika",Breakfast,57,Hard,Frying,1
291,Indian,"Chili, Yogurt, Tomato, Ghee",Breakfast,30,Easy,Slow Cooking,4
292,Mediterranean,"Olive Oil, Chickpeas, Pita Bread, Tomato, Cucumber, Yogurt, Feta Cheese, Paprika",Dessert,72,Hard,Roasting,2
293,Indian,"Cumin, Coriander, Garam Masala, Lentils, Ghee",Dessert,105,Hard,Slow Cooking,4
294,Chinese,"Garlic, Rice Vinegar, Ginger, Spring Onion, Tofu, Hoisin Sauce, Soy Sauce",Snack,31,Easy,Boiling,6
295,French,"Cheese, Garlic, Milk, Onion, Flour, White Wine, Eggs, Cream, Butter",Lunch,19,Hard,Grilling,5
296,Italian,"Oregano, Pasta, Basil, Balsamic Vinegar, Olive Oil, Parmesan, Mozzarella, Garlic, Tomato",Dessert,66,Hard,Baking,3
297,Thai,"Basil, Lemongrass, Coconut Milk, Fish Sauce",Lunch,41,Hard,Steaming,2
298,Indian,"Coriander, Cumin, Turmeric, Lentils, Garam Masala, Yogurt",Lunch,62,Easy,Sauteing,2
299,French,"White Wine, Cream, Butter, Milk",Dinner,70,Medium,Steaming,4
300,Thai,"Basil, Fish Sauce, Rice Noodles, Lime, Lemongrass, Coconut Milk, Peanut, Tamarind, Chili, Shrimp",Breakfast,89,Easy,Steaming,2
301,Chinese,"Sesame Oil, Ginger, Tofu, Noodles",Breakfast,65,Hard,Frying,3
302,Japanese,"Rice, Ginger, Mirin, Seaweed, Sesame Seeds, Miso, Soy Sauce, Wasabi",Breakfast,25,Easy,Steaming,4
303,Mexican,"Salsa, Cumin, Corn, Lime",Snack,56,Medium,Grilling,1
304,Italian,"Garlic, Mozzarella, Tomato, Basil, Pasta",Dessert,13,Medium,Sauteing,3
305,Thai,"Basil, Tamarind, Coconut Milk, Peanut, Fish Sauce, Shrimp, Rice Noodles, Lemongrass",Breakfast,53,Easy,Frying,2
306,Japanese,"Rice, Sesame Seeds, Seaweed, Wasabi, Ginger, Miso, Dashi, Mirin",Dinner,66,Easy,Frying,3
307,American,"Pickles, Ketchup, Beef, Lettuce, Bacon, Cheddar, Tomato, Bun",Breakfast,28,Hard,Baking,6
308,Thai,"Lime, Fish Sauce, Tamarind, Chili, Basil, Coconut Milk, Shrimp",Dinner,107,Hard,Slow Cooking,4
309,French,"Cheese, Garlic, Eggs, Milk, Butter, Cream, Thyme, White Wine, Onion",Snack,102,Easy,Steaming,5
310,Mexican,"Cumin, Cilantro, Corn, Chili Powder, Avocado",Breakfast,119,Medium,Boiling,2
311,Mediterranean,"Olive Oil, Cucumber, Lemon, Paprika, Chickpeas, Garlic",Lunch,72,Medium,Baking,5
312,Thai,"Lemongrass, Shrimp, Basil, Fish Sauce, Rice Noodles, Tamarind, Lime, Chili, Peanut, Coconut Milk",Breakfast,73,Easy,Frying,2
313,Japanese,"Ginger, Mirin, Tofu, Seaweed, Sesame Seeds, Dashi",Dessert,19,Hard,Grilling,5
314,French,"Butter, Thyme, White Wine, Flour, Milk, Onion, Cream, Garlic, Eggs",Snack,109,Easy,Baking,6
315,French,"Onion, Garlic, Butter, Thyme, Cream, Milk, Cheese",Lunch,97,Hard,Frying,3
316,Thai,"Lemongrass, Tamarind, Chili, Peanut, Rice Noodles, Shrimp, Coconut Milk, Lime",Breakfast,79,Easy,Grilling,3
317,Chinese,"Garlic, Hoisin Sauce, Tofu, Noodles, Ginger, Sesame Oil, Soy Sauce, Spring Onion",Breakfast,25,Easy,Steaming,4
318,Italian,"Oregano, Mozzarella, Balsamic Vinegar, Garlic, Olive Oil",Dinner,68,Hard,Baking,2
319,French,"Onion, Cream, Eggs, Flour, Thyme, Cheese, Butter",Snack,64,Hard,Roasting,2
320,American,"Tomato, Onion, Bun, Beef",Dinner,17,Easy,Steaming,1
321,Thai,"Basil, Chili, Peanut, Shrimp, Tamarind, Coconut Milk, Rice Noodles, Fish Sauce",Lunch,38,Easy,Slow Cooking,1
322,Mediterranean,"Yogurt, Tomato, Feta Cheese, Garlic, Chickpeas, Olive Oil, Paprika, Lemon, Cucumber, Pita Bread",Dinner,45,Medium,Frying,4
323,Chinese,"Tofu, Spring Onion, Noodles, Sesame Oil",Snack,116,Easy,Slow Cooking,2
324,Mexican,"Avocado, Tortilla, Cumin, Cilantro, Salsa, Cheese, Beans, Lime",Dessert,86,Hard,Sauteing,2
325,American,"Bun, Lettuce, Beef, Tomato",Snack,110,Easy,Roasting,5
326,French,"Milk, Cheese, Cream, Thyme, White Wine, Eggs, Flour",Breakfast,76,Easy,Steaming,4
327,Mexican,"Avocado, Beans, Cheese, Chili Powder, Cumin, Corn, Lime",Breakfast,37,Hard,Roasting,4
328,French,"Garlic, Onion, Cream, Butter, Milk, Cheese, Thyme, White Wine, Flour, Eggs",Dessert,38,Medium,Grilling,5
329,Thai,"Fish Sauce, Coconut Milk, Tamarind, Shrimp, Chili, Peanut, Rice Noodles",Lunch,30,Easy,Boiling,5
330,Italian,"Garlic, Bread, Basil, Tomato",Breakfast,106,Medium,Roasting,1
331,Thai,"Chili, Peanut, Shrimp, Fish Sauce, Basil, Lemongrass, Coconut Milk, Tamarind",Snack,105,Hard,Roasting,3
332,Mexican,"Cheese, Salsa, Beans, Corn, Cilantro, Chili Powder, Avocado, Lime, Cumin, Tortilla",Dessert,101,Medium,Steaming,3
333,French,"Onion, Flour, White Wine, Butter, Eggs, Garlic, Milk, Thyme",Breakfast,113,Easy,Boiling,4
334,Italian,"Garlic, Olive Oil, Basil, Tomato, Balsamic Vinegar, Mozzarella, Bread, Pasta, Oregano",Snack,23,Medium,Slow Cooking,2
335,American,"Lettuce, Bun, Ketchup, Beef, Mustard, Pickles, Tomato, Cheddar",Snack,61,Easy,Grilling,1
336,Indian,"Lentils, Coriander, Tomato, Turmeric, Chili, Ghee, Cumin, Ginger, Garam Masala, Yogurt",Lunch,46,Hard,Sauteing,3
337,Mexican,"Cheese, Beans, Salsa, Chili Powder, Tortilla, Cilantro, Cumin, Avocado, Lime, Corn",Snack,116,Easy,Sauteing,4
338,Mediterranean,"Lemon, Chickpeas, Pita Bread, Paprika, Cucumber",Breakfast,100,Hard,Slow Cooking,6
339,Chinese,"Rice Vinegar, Soy Sauce, Spring Onion, Tofu, Ginger, Noodles",Snack,80,Easy,Sauteing,6
340,Mexican,"Cumin, Cheese, Cilantro, Corn, Salsa, Tortilla, Chili Powder, Beans",Snack,53,Hard,Frying,5
341,Japanese,"Tofu, Dashi, Sesame Seeds, Wasabi",Dessert,116,Hard,Roasting,1
342,American,"Cheddar, Lettuce, Bacon, Beef, Pickles",Lunch,104,Medium,Steaming,6
343,Mediterranean,"Olive Oil, Yogurt, Paprika, Pita Bread, Garlic, Chickpeas, Lemon",Dessert,104,Medium,Baking,4
344,Indian,"Coriander, Garam Masala, Ghee, Yogurt, Cumin, Turmeric, Ginger, Tomato",Dessert,32,Easy,Roasting,2
345,American,"Onion, Bun, Ketchup, Beef, Cheddar, Mustard",Dessert,50,Hard,Roasting,2
346,Japanese,"Ginger, Wasabi, Mirin, Soy Sauce, Sesame Seeds",Lunch,65,Easy,Sauteing,4
347,French,"Cream, White Wine, Milk, Eggs",Dinner,67,Medium,Baking,3
348,Thai,"Lime, Tamarind, Shrimp, Chili",Snack,65,Hard,Boiling,4
349,Mediterranean,"Garlic, Yogurt, Olive Oil, Feta Cheese",Snack,110,Medium,Grilling,3
350,Mediterranean,"Lemon, Cucumber, Garlic, Tomato, Feta Cheese, Olive Oil, Chickpeas",Dinner,119,Medium,Roasting,6
351,American,"Pickles, Mustard, Cheddar, Bun, Lettuce, Bacon, Ketchup, Beef, Onion",Dinner,35,Hard,Roasting,5
352,Chinese,"Sesame Oil, Garlic, Hoisin Sauce, Rice Vinegar, Soy Sauce, Ginger, Tofu",Snack,114,Hard,Slow Cooking,1
353,French,"Cream, Butter, White Wine, Eggs, Garlic, Milk, Thyme, Cheese, Flour",Snack,86,Hard,Boiling,3
354,Italian,"Bread, Basil, Tomato, Garlic",Dinner,45,Easy,Baking,4
355,French,"Butter, Garlic, Onion, Eggs, Cream",Lunch,22,Hard,Frying,6
356,Japanese,"Dashi, Miso, Ginger, Wasabi, Seaweed, Mirin, Tofu, Soy Sauce, Sesame Seeds",Dessert,81,Easy,Boiling,3
357,Italian,"Oregano, Balsamic Vinegar, Mozzarella, Parmesan, Olive Oil, Pasta, Garlic, Tomato",Dinner,103,Hard,Baking,1
358,Chinese,"Spring Onion, Ginger, Garlic, Tofu, Noodles, Rice Vinegar, Soy Sauce, Sesame Oil, Hoisin Sauce",Snack,50,Medium,Frying,4
359,Chinese,"Garlic, Spring Onion, Rice Vinegar, Sesame Oil",Dinner,73,Medium,Roasting,4
360,Chinese,"Garlic, Sesame Oil, Noodles, Spring Onion, Tofu, Rice Vinegar",Dessert,100,Easy,Frying,4
361,French,"Garlic, Milk, Eggs, Butter, White Wine, Onion, Thyme, Flour",Snack,92,Easy,Frying,1
362,Japanese,"Mirin, Miso, Rice, Wasabi, Tofu",Snack,42,Easy,Sauteing,6
363,American,"Bacon, Mustard, Ketchup, Beef, Pickles, Cheddar, Tomato, Onion, Bun, Lettuce",Breakfast,29,Medium,Roasting,5
364,American,"Lettuce, Beef, Ketchup, Cheddar",Dessert,78,Medium,Grilling,6
365,Mexican,"Chili Powder, Tortilla, Salsa, Cumin, Avocado, Cilantro, Lime",Breakfast,55,Easy,Steaming,5
366,Chinese,"Soy Sauce, Hoisin Sauce, Spring Onion, Garlic, Rice Vinegar, Ginger, Sesame Oil, Tofu, Noodles",Breakfast,49,Easy,Slow Cooking,6
367,Thai,"Lemongrass, Fish Sauce, Tamarind, Peanut, Chili, Shrimp, Basil, Rice Noodles, Lime, Coconut Milk",Snack,31,Medium,Frying,2
368,American,"Beef, Pickles, Ketchup, Bun, Bacon, Cheddar, Tomato, Lettuce, Mustard, Onion",Snack,30,Medium,Slow Cooking,2
369,Mediterranean,"Feta Cheese, Tomato, Chickpeas, Olive Oil, Lemon, Cucumber, Pita Bread",Snack,77,Hard,Boiling,2
370,Thai,"Shrimp, Rice Noodles, Basil, Coconut Milk, Chili",Dinner,88,Hard,Boiling,5
371,Mediterranean,"Tomato, Yogurt, Garlic, Paprika, Cucumber, Feta Cheese",Breakfast,41,Easy,Grilling,6
372,Indian,"Tomato, Turmeric, Chili, Lentils, Garam Masala, Cumin, Ginger",Lunch,39,Hard,Baking,6
373,Italian,"Basil, Pasta, Balsamic Vinegar, Oregano, Parmesan, Mozzarella, Olive Oil, Tomato",Breakfast,114,Medium,Steaming,1
374,French,"White Wine, Cream, Onion, Milk, Butter, Cheese, Eggs, Garlic, Thyme",Lunch,81,Hard,Boiling,5
375,Mediterranean,"Pita Bread, Olive Oil, Lemon, Garlic, Feta Cheese, Chickpeas, Cucumber, Yogurt, Paprika",Breakfast,26,Easy,Boiling,5
376,Indian,"Chili, Ginger, Garam Masala, Cumin, Ghee, Lentils, Coriander, Tomato, Yogurt, Turmeric",Lunch,24,Easy,Sauteing,5
377,Indian,"Cumin, Coriander, Ginger, Turmeric, Chili",Breakfast,102,Medium,Steaming,3
378,American,"Lettuce, Ketchup, Onion, Bun, Tomato, Pickles",Snack,87,Medium,Roasting,6
379,French,"Garlic, Cream, White Wine, Flour, Butter, Onion",Snack,70,Easy,Baking,2
380,Japanese,"Wasabi, Tofu, Mirin, Dashi, Rice, Soy Sauce, Sesame Seeds, Miso",Dinner,58,Medium,Sauteing,1
381,Mexican,"Lime, Avocado, Cheese, Tortilla, Cilantro, Chili Powder, Beans, Corn, Cumin, Salsa",Lunch,47,Easy,Steaming,3
382,Thai,"Peanut, Rice Noodles, Fish Sauce, Chili, Tamarind",Dinner,30,Medium,Slow Cooking,1
383,Italian,"Pasta, Tomato, Basil, Oregano, Balsamic Vinegar, Olive Oil, Bread",Snack,48,Medium,Roasting,4
384,Thai,"Fish Sauce, Shrimp, Coconut Milk, Basil, Lime, Chili, Rice Noodles, Lemongrass",Dessert,65,Easy,Slow Cooking,3
385,Chinese,"Garlic, Soy Sauce, Sesame Oil, Tofu, Ginger, Hoisin Sauce, Rice Vinegar, Spring Onion, Noodles",Breakfast,55,Hard,Roasting,4
386,Mediterranean,"Paprika, Garlic, Feta Cheese, Lemon, Chickpeas",Lunch,26,Easy,Boiling,5
387,Chinese,"Ginger, Garlic, Sesame Oil, Tofu, Rice Vinegar, Hoisin Sauce",Lunch,58,Medium,Roasting,1
388,Thai,"Lime, Peanut, Fish Sauce, Lemongrass, Chili, Rice Noodles, Shrimp, Tamarind, Coconut Milk",Lunch,44,Easy,Slow Cooking,4
389,Chinese,"Garlic, Noodles, Tofu, Spring Onion, Rice Vinegar, Hoisin Sauce, Ginger, Soy Sauce, Sesame Oil",Dinner,89,Medium,Sauteing,1
390,Mexican,"Cilantro, Avocado, Chili Powder, Tortilla, Cumin, Lime, Salsa, Corn, Beans",Lunch,19,Easy,Baking,3
391,French,"Onion, Milk, Eggs, Garlic, Butter, Cheese, Flour, Thyme, White Wine",Lunch,10,Hard,Grilling,6
392,Chinese,"Noodles, Hoisin Sauce, Tofu, Soy Sauce, Rice Vinegar, Ginger, Sesame Oil, Garlic, Spring Onion",Snack,70,Medium,Grilling,4
393,French,"Eggs, White Wine, Cheese, Flour, Butter, Garlic, Thyme, Milk, Cream",Dinner,37,Easy,Steaming,3
394,Italian,"Oregano, Basil, Tomato, Pasta, Garlic, Balsamic Vinegar, Mozzarella",Breakfast,112,Medium,Steaming,1
395,Chinese,"Soy Sauce, Hoisin Sauce, Ginger, Spring Onion, Tofu, Noodles, Garlic",Lunch,83,Medium,Grilling,2
396,Italian,"Oregano, Basil, Olive Oil, Garlic",Lunch,49,Easy,Roasting,6
397,Mexican,"Cilantro, Salsa, Cumin, Chili Powder",Dessert,52,Easy,Slow Cooking,3
398,Mexican,"Tortilla, Cilantro, Avocado, Chili Powder, Lime, Salsa",Snack,120,Hard,Boiling,6
399,Italian,"Oregano, Basil, Pasta, Garlic, Tomato, Olive Oil",Dessert,21,Hard,Steaming,1
400,Mexican,"Cilantro, Lime, Tortilla, Chili Powder, Cheese, Corn, Salsa, Avocado, Beans, Cumin",Lunch,56,Easy,Roasting,2
401,Thai,"Rice Noodles, Shrimp, Coconut Milk, Basil, Fish Sauce, Lemongrass, Chili, Tamarind, Lime, Peanut",Dinner,25,Medium,Grilling,1
402,Thai,"Lime, Shrimp, Fish Sauce, Basil, Chili, Lemongrass, Coconut Milk, Peanut, Tamarind",Breakfast,115,Medium,Frying,6
403,Mexican,"Salsa, Beans, Chili Powder, Cumin, Cheese, Corn, Lime, Avocado, Tortilla, Cilantro",Dinner,32,Hard,Baking,1
404,Thai,"Shrimp, Coconut Milk, Chili, Tamarind, Rice Noodles, Basil",Dinner,50,Hard,Grilling,6
405,Mediterranean,"Olive Oil, Cucumber, Garlic, Lemon, Yogurt, Chickpeas, Paprika, Tomato, Feta Cheese, Pita Bread",Lunch,74,Hard,Boiling,3
406,Japanese,"Miso, Ginger, Tofu, Soy Sauce, Dashi, Wasabi, Mirin, Seaweed",Lunch,57,Medium,Roasting,2
407,American,"Bun, Cheddar, Mustard, Ketchup",Breakfast,26,Hard,Frying,5
408,Italian,"Mozzarella, Olive Oil, Garlic, Tomato",Lunch,74,Easy,Roasting,6
409,Italian,"Tomato, Olive Oil, Mozzarella, Garlic, Balsamic Vinegar, Pasta, Basil, Parmesan, Oregano, Bread",Lunch,115,Hard,Roasting,1
410,American,"Bacon, Cheddar, Pickles, Onion, Lettuce, Ketchup, Bun",Dinner,46,Hard,Sauteing,2
411,French,"Onion, Cream, Eggs, Garlic, Cheese, Flour, White Wine",Breakfast,58,Medium,Boiling,2
412,American,"Mustard, Pickles, Ketchup, Beef, Lettuce, Bun, Onion, Bacon, Tomato",Lunch,98,Medium,Grilling,2
413,Mediterranean,"Tomato, Paprika, Garlic, Cucumber, Feta Cheese, Lemon, Yogurt, Chickpeas, Olive Oil",Snack,15,Easy,Slow Cooking,3
414,Mediterranean,"Tomato, Yogurt, Feta Cheese, Olive Oil, Cucumber, Lemon, Paprika, Garlic, Pita Bread, Chickpeas",Dinner,107,Hard,Roasting,1
415,Mediterranean,"Lemon, Chickpeas, Yogurt, Paprika, Pita Bread, Olive Oil, Feta Cheese, Tomato, Garlic, Cucumber",Snack,20,Hard,Frying,1
416,Thai,"Lemongrass, Basil, Fish Sauce, Tamarind, Chili, Coconut Milk, Rice Noodles, Lime",Dessert,83,Hard,Steaming,2
417,Indian,"Garam Masala, Ginger, Coriander, Yogurt, Tomato, Ghee, Turmeric, Cumin, Chili",Dinner,27,Medium,Slow Cooking,2
418,Indian,"Turmeric, Coriander, Ghee, Ginger, Yogurt, Chili, Cumin, Lentils, Garam Masala",Breakfast,81,Medium,Roasting,3
419,Italian,"Balsamic Vinegar, Basil, Olive Oil, Garlic, Parmesan, Oregano, Tomato, Mozzarella, Pasta",Breakfast,41,Easy,Sauteing,5
420,Mexican,"Cilantro, Lime, Salsa, Tortilla, Corn, Beans, Chili Powder, Avocado",Dinner,44,Medium,Boiling,3
421,American,"Tomato, Onion, Bun, Pickles, Cheddar, Mustard",Lunch,32,Hard,Roasting,1
422,Indian,"Ghee, Coriander, Tomato, Cumin, Yogurt, Ginger, Chili, Turmeric, Garam Masala, Lentils",Lunch,103,Medium,Grilling,1
423,Thai,"Basil, Chili, Rice Noodles, Lime, Shrimp, Peanut, Fish Sauce, Lemongrass",Snack,115,Hard,Grilling,5
424,American,"Lettuce, Mustard, Beef, Onion, Cheddar, Ketchup, Bacon, Pickles, Bun",Lunch,98,Hard,Roasting,5
425,Mexican,"Corn, Cumin, Tortilla, Cilantro, Chili Powder, Lime",Lunch,26,Medium,Frying,1
426,Indian,"Turmeric, Yogurt, Ginger, Tomato, Coriander, Chili, Cumin, Lentils",Snack,93,Easy,Baking,3
427,Indian,"Cumin, Ghee, Lentils, Coriander",Dinner,69,Medium,Steaming,3
428,Chinese,"Sesame Oil, Ginger, Noodles, Garlic, Spring Onion, Tofu, Rice Vinegar, Hoisin Sauce, Soy Sauce",Dessert,67,Easy,Frying,4
429,Italian,"Tomato, Olive Oil, Oregano, Bread, Basil, Garlic, Mozzarella, Pasta, Parmesan, Balsamic Vinegar",Dinner,116,Medium,Roasting,3
430,American,"Bacon, Bun, Pickles, Onion, Ketchup, Cheddar, Beef, Lettuce, Tomato, Mustard",Dessert,53,Easy,Baking,3
431,Mexican,"Lime, Corn, Cumin, Cheese, Avocado, Salsa, Tortilla, Chili Powder, Beans",Breakfast,100,Easy,Boiling,5
432,Indian,"Garam Masala, Chili, Lentils, Tomato, Ghee, Coriander",Snack,51,Medium,Steaming,2
433,Mediterranean,"Chickpeas, Garlic, Yogurt, Feta Cheese, Pita Bread, Tomato, Olive Oil, Lemon, Cucumber, Paprika",Lunch,113,Medium,Slow Cooking,5
434,Mexican,"Lime, Cilantro, Tortilla, Salsa, Avocado, Cheese, Chili Powder, Corn, Beans, Cumin",Dessert,60,Hard,Grilling,6
435,Italian,"Mozzarella, Balsamic Vinegar, Tomato, Basil, Pasta, Olive Oil, Oregano, Bread",Dessert,45,Easy,Grilling,6
436,Japanese,"Rice, Wasabi, Miso, Soy Sauce, Ginger, Seaweed, Sesame Seeds",Breakfast,46,Easy,Boiling,4
437,Mexican,"Cumin, Cilantro, Beans, Corn",Dinner,14,Medium,Baking,3
438,Japanese,"Ginger, Rice, Sesame Seeds, Seaweed",Lunch,34,Medium,Grilling,3
439,Thai,"Lemongrass, Peanut, Coconut Milk, Basil, Lime, Tamarind, Chili",Dessert,30,Hard,Boiling,1
440,Chinese,"Hoisin Sauce, Spring Onion, Ginger, Soy Sauce",Lunch,39,Medium,Grilling,1
441,Indian,"Lentils, Yogurt, Chili, Cumin, Ginger, Garam Masala, Turmeric, Ghee, Coriander",Dinner,74,Easy,Sauteing,2
442,Mexican,"Cilantro, Beans, Corn, Chili Powder",Dinner,34,Hard,Sauteing,4
443,American,"Pickles, Mustard, Ketchup, Tomato, Beef, Bun",Dessert,71,Easy,Boiling,4
444,Mexican,"Lime, Cilantro, Cheese, Chili Powder",Dessert,15,Hard,Steaming,5
445,Indian,"Yogurt, Garam Masala, Ghee, Coriander, Chili, Lentils, Tomato",Dessert,101,Easy,Boiling,1
446,Indian,"Garam Masala, Ghee, Coriander, Yogurt",Dessert,81,Medium,Grilling,1
447,French,"Flour, Onion, Garlic, Cheese",Lunch,68,Easy,Steaming,3
448,American,"Bun, Onion, Pickles, Tomato, Bacon, Mustard, Ketchup",Snack,88,Easy,Slow Cooking,4
449,Mexican,"Cumin, Cheese, Tortilla, Salsa, Beans, Avocado, Corn, Chili Powder, Lime",Dessert,67,Medium,Slow Cooking,1
450,Thai,"Basil, Lime, Lemongrass, Tamarind, Coconut Milk, Rice Noodles, Fish Sauce, Peanut",Dessert,67,Medium,Grilling,6
451,French,"Flour, Cheese, Onion, Garlic, Cream",Dessert,55,Hard,Baking,5
452,Italian,"Pasta, Tomato, Oregano, Balsamic Vinegar",Snack,64,Easy,Frying,3
453,American,"Tomato, Mustard, Bun, Pickles, Cheddar, Ketchup",Dessert,94,Hard,Baking,1
454,Mediterranean,"Garlic, Olive Oil, Chickpeas, Pita Bread, Tomato, Feta Cheese, Yogurt, Paprika",Lunch,57,Medium,Roasting,6
455,Italian,"Basil, Tomato, Pasta, Oregano",Dessert,88,Medium,Slow Cooking,6
456,Italian,"Bread, Mozzarella, Balsamic Vinegar, Tomato, Basil, Parmesan",Dessert,61,Hard,Roasting,3
457,Mexican,"Corn, Beans, Salsa, Avocado, Cumin, Chili Powder, Cilantro, Cheese, Tortilla, Lime",Dessert,29,Hard,Boiling,1
458,Chinese,"Ginger, Noodles, Sesame Oil, Tofu, Rice Vinegar, Spring Onion, Soy Sauce, Hoisin Sauce",Dessert,114,Easy,Frying,2
459,French,"Eggs, Flour, White Wine, Garlic, Cream",Lunch,16,Medium,Grilling,5
460,Indian,"Ghee, Turmeric, Lentils, Yogurt, Garam Masala, Chili, Coriander",Dessert,114,Hard,Grilling,5
461,Thai,"Shrimp, Chili, Rice Noodles, Fish Sauce",Breakfast,26,Medium,Steaming,3
462,Italian,"Mozzarella, Parmesan, Balsamic Vinegar, Oregano, Olive Oil, Tomato, Bread, Pasta, Garlic",Snack,62,Easy,Steaming,2
463,Italian,"Oregano, Balsamic Vinegar, Mozzarella, Olive Oil, Tomato, Garlic",Lunch,27,Hard,Grilling,1
464,American,"Mustard, Tomato, Bacon, Pickles, Lettuce, Bun, Ketchup",Lunch,35,Hard,Slow Cooking,2
465,Japanese,"Ginger, Soy Sauce, Dashi, Sesame Seeds, Mirin",Dessert,84,Easy,Baking,5
466,Indian,"Yogurt, Garam Masala, Ghee, Tomato, Chili, Turmeric, Ginger",Dinner,119,Easy,Baking,3
467,Japanese,"Sesame Seeds, Rice, Miso, Mirin",Dinner,65,Hard,Sauteing,6
468,Italian,"Garlic, Basil, Balsamic Vinegar, Oregano, Pasta, Parmesan, Tomato, Bread, Mozzarella",Lunch,54,Medium,Roasting,2
469,Thai,"Shrimp, Basil, Lime, Coconut Milk, Fish Sauce",Dessert,54,Hard,Slow Cooking,5
470,Indian,"Lentils, Yogurt, Ghee, Garam Masala, Chili",Breakfast,48,Easy,Frying,6
471,Mexican,"Cilantro, Corn, Tortilla, Cumin, Chili Powder, Beans",Lunch,96,Hard,Roasting,6
472,Chinese,"Soy Sauce, Noodles, Ginger, Garlic, Tofu, Spring Onion, Sesame Oil",Breakfast,66,Medium,Sauteing,6
473,Thai,"Basil, Tamarind, Lime, Lemongrass",Lunch,119,Easy,Sauteing,6
474,Indian,"Garam Masala, Tomato, Coriander, Turmeric, Ghee, Ginger, Cumin, Chili, Yogurt, Lentils",Breakfast,96,Hard,Steaming,3
475,Indian,"Chili, Yogurt, Tomato, Ginger, Coriander, Lentils, Cumin, Turmeric, Ghee, Garam Masala",Snack,11,Easy,Boiling,2
476,Italian,"Oregano, Mozzarella, Balsamic Vinegar, Tomato",Dinner,112,Hard,Roasting,6
477,American,"Pickles, Onion, Tomato, Bun, Mustard, Bacon, Cheddar, Lettuce, Beef",Lunch,71,Medium,Baking,2
478,French,"Onion, Butter, Milk, Thyme",Lunch,105,Easy,Boiling,3
479,Thai,"Basil, Peanut, Coconut Milk, Lemongrass, Rice Noodles, Lime, Chili, Tamarind",Breakfast,94,Easy,Slow Cooking,1
480,Mexican,"Cilantro, Salsa, Beans, Tortilla, Lime, Corn, Cheese, Avocado, Cumin",Dinner,110,Easy,Roasting,4
481,Indian,"Turmeric, Coriander, Ghee, Tomato, Lentils, Garam Masala, Cumin, Yogurt, Chili",Lunch,115,Hard,Steaming,5
482,French,"Cheese, Butter, Eggs, Garlic, Onion, Flour, Thyme",Dinner,106,Hard,Slow Cooking,6
483,Japanese,"Mirin, Wasabi, Dashi, Seaweed, Ginger, Tofu, Miso, Rice",Dessert,89,Medium,Steaming,6
484,Indian,"Coriander, Lentils, Tomato, Ginger, Garam Masala, Turmeric",Dinner,62,Easy,Frying,4
485,French,"Milk, Flour, Cheese, Butter, Thyme, Cream",Lunch,92,Easy,Grilling,3
486,French,"Milk, Onion, Butter, Cheese",Dinner,67,Hard,Frying,5
487,Indian,"Garam Masala, Yogurt, Cumin, Turmeric",Dessert,90,Medium,Steaming,4
488,French,"Butter, White Wine, Milk, Cream",Dinner,23,Medium,Sauteing,3
489,Mexican,"Chili Powder, Cumin, Salsa, Avocado, Cilantro",Dessert,106,Medium,Slow Cooking,1
490,Chinese,"Hoisin Sauce, Soy Sauce, Ginger, Garlic, Tofu, Sesame Oil, Noodles, Spring Onion, Rice Vinegar",Dessert,116,Medium,Roasting,5
491,Mediterranean,"Garlic, Tomato, Lemon, Olive Oil, Cucumber, Feta Cheese, Yogurt, Pita Bread",Snack,44,Hard,Roasting,4
492,Chinese,"Spring Onion, Garlic, Tofu, Soy Sauce, Rice Vinegar, Hoisin Sauce, Ginger",Breakfast,38,Hard,Slow Cooking,6
493,American,"Onion, Pickles, Mustard, Tomato",Dessert,54,Medium,Grilling,5
494,French,"Cream, Flour, Thyme, Milk, Eggs, White Wine, Garlic",Dessert,59,Hard,Baking,4
495,American,"Bun, Onion, Lettuce, Mustard, Pickles",Dinner,64,Hard,Roasting,2
496,Chinese,"Rice Vinegar, Garlic, Sesame Oil, Noodles, Ginger, Soy Sauce",Snack,49,Hard,Grilling,1
497,American,"Onion, Beef, Pickles, Lettuce",Breakfast,18,Easy,Roasting,5
498,Mexican,"Cumin, Corn, Salsa, Cheese",Lunch,91,Hard,Boiling,1
499,American,"Lettuce, Pickles, Beef, Tomato",Dessert,89,Medium,Slow Cooking,3
500,Mediterranean,"Chickpeas, Cucumber, Yogurt, Lemon, Paprika",Dessert,51,Hard,Grilling,4
